Role	name	year	nominations	rating	duration	genre1	genre2	release	metacritic	synopsis
Actor	 The Theory of Everything	2014	5	7.7	123	Biography	Drama	January	72	A look at the relationship between the famous physicist Stephen Hawking and his wife.
Actor	 Dallas Buyers Club	2013	6	8	117	Biography	Drama	November	84	In 1985 Dallas electrician and hustler Ron Woodroof works around the system to help AIDS patients get the medication they need after he is diagnosed with the disease.
Actor	 Lincoln	2012	12	7.4	150	Biography	Drama	November	86	As the Civil War continues to rage Americas president struggles with continuing carnage on the battlefield as he fights with many inside his own cabinet on the decision to emancipate the slaves.
Actor	 The Artist	2011	10	8	100	Comedy	Drama	October	89	A silent movie star meets a young dancer but the arrival of talking pictures sends their careers in opposite directions.
Actor	 The King's Speech	2010	12	8	118	Biography	Drama	December	88	The story of King George VI of the United Kingdom of Great Britain and Northern Ireland his impromptu ascension to the throne and the speech therapist who helped the unsure monarch become worthy of it.
Actor	 Crazy Heart	2009	3	7.3	112	Drama	Music	February	83	A faded country music musician is forced to reassess his dysfunctional life during a doomed romance that also inspires him.
Actor	 Milk	2008	8	7.6	128	Biography	Drama	January	84	The story of Harvey Milk and his struggles as an American gay activist who fought for gay rights and became Californias first openly gay elected official.
Actor	 There Will Be Blood	2007	8	8.1	158	Drama		January	92	A story of family religion hatred oil and madness focusing on a turn-of-the-century prospector in the early days of the business.
Actor	 The Last King of Scotland	2006	 	7.7	121	Biography	Drama	January	74	Based on the events of the brutal Ugandan dictator Idi Amins regime as seen by his personal physician during the 1970s
Actor	 Capote	2005	5	7.4	114	Biography	Crime	February	88	In 1959 Truman Capote learns of the murder of a Kansas family and decides to write a book about the case. While researching for his novel In Cold Blood Capote forms a relationship with one of the killers Perry Smith who is on death row.
Actor	 Ray	2004	6	7.7	152	Biography	Drama	October	73	The story of the life and career of the legendary rhythm and blues musician Ray Charles from his humble beginnings in the South where he went blind at age seven to his meteoric rise to stardom during the 1950s and 1960s.
Actor	 Mystic River	2003	6	8	138	Crime	Drama	October	84	With a childhood tragedy that overshadowed their lives three men are reunited by circumstance when one has a family tragedy.
Actor	 The Pianist	2002	7	8.5	150	Biography	Drama	January	85	A Polish Jewish musician struggles to survive the destruction of the Warsaw ghetto of World War II.
Actor	 Training Day	2001	2	7.7	122	Crime	Drama	October	70	On his first day on the job as a Los Angeles narcotics officer a rookie cop goes on a 24-hour training course with a rogue detective who isnt what he appears.
Actor	 Gladiator	2000	12	8.5	155	Action	Drama	May	64	When a Roman general is betrayed and his family murdered by an emperors corrupt son he comes to Rome as a gladiator to seek revenge.
Actor	 American Beauty	1999	8	8.4	122	Drama	Romance	October	86	A sexually frustrated suburban father has a mid-life crisis after becoming infatuated with his daughters best friend.
Actor	 Life Is Beautiful	1998	7	8.6	116	Comedy	Drama	November	59	When an open-minded Jewish librarian and his son become victims of the Holocaust he uses a perfect mixture of will humor and imagination to protect his son from the dangers around their camp.
Actor	 As Good As It Gets	1997	7	7.7	139	Comedy	Drama	December	67	A single mother/waitress a misanthropic author and a gay artist form an unlikely friendship after the artist is in an accident.
Actor	 Shine	1996	7	7.7	105	Biography	Drama	December	87	Pianist David Helfgott driven by his father and teachers has a breakdown. Years later he returns to the piano to popular if not critical acclaim.
Actor	 Leaving Las Vegas	1995	4	7.6	111	Drama	Romance	February	82	Ben Sanderson an alcoholic Hollywood screenwriter who lost everything because of his drinking arrives in Las Vegas to drink himself to death. There he meets and forms an uneasy friendship and non-interference pact with prostitute Sera.
Actor	 Forrest Gump	1994	13	8.8	142	Drama	Romance	July	82	Forrest Gump while not intelligent has accidentally been present at many historic moments but his true love Jenny Curran eludes him.
Actor	 Philadelphia	1993	5	7.7	125	Drama		January	66	When a man with AIDS is fired by his law firm because of his condition he hires a homophobic small time lawyer as the only willing advocate for a wrongful dismissal suit.
Actor	 Scent of a Woman	1992	4	8	156	Drama		January	59	"A prep school student needing money agrees to ""babysit"" a blind man but the job is not at all what he anticipated."
Actor	 The Silence of the Lambs	1991	7	8.6	118	Crime	Drama	February	84	A young F.B.I. cadet must confide in an incarcerated and manipulative killer to receive his help on catching another serial killer who skins his victims.
Actor	 Reversal of Fortune	1990	3	7.3	111	Biography	Drama	November	93	Wealthy Sunny von Bülow lies brain-dead husband Claus guilty of attempted murder; but he says hes innocent and hires Alan Dershowitz for his appeal.
Actor	 My Left Foot	1989	5	7.9	103	Biography	Drama	April		Christy Brown born with cerebral palsy learns to paint and write with his only controllable limb - his left foot.
Actor	 Rain Man	1988	8	8	133	Drama		December	65	Selfish yuppie Charlie Babbitts father left a fortune to his savant brother Raymond and a pittance to Charlie; they travel cross-country.
Actor	 Wall Street	1987	 	7.4	126	Crime	Drama	December	56	A young and impatient stockbroker is willing to do anything to get to the top including trading on illegal inside information taken through a ruthless and greedy corporate raider who takes the youth under his wing.
Actor	 The Color of Money	1986	4	7	119	Drama	Sport	October		Fast Eddie Felson teaches a cocky but immensely talented protégé the ropes of pool hustling which in turn inspires him to make an unlikely comeback.
Actor	 Kiss of the Spider Woman	1985	4	7.4	120	Drama	Romance	July	80	Luis Molina and Valentin Arregui are cell mates in a South American prison. Luis a trans individual is found guilty of immoral behavior and Valentin is a political prisoner. To escape ...                See full summary »
Actor	 Amadeus	1984	11	8.3	160	Biography	Drama	October	93	The incredible story of Wolfgang Amadeus Mozart told by his peer and secret rival Antonio Salieri - now confined to an insane asylum.
Actor	 Tender Mercies	1983	5	7.5	92	Drama	Music	June		A broken-down middle-aged country singer gets a new wife reaches out to his long-lost daughter and tries to put his troubled life back together.
Actor	 Gandhi	1982	11	8.1	191	Biography	Drama	December		The life of the lawyer who became the famed leader of the Indian revolts against the British rule through his philosophy of nonviolent protest.
Actor	 On Golden Pond	1981	10	7.7	109	Drama		February		Norman is a curmudgeon with an estranged relationship with his daughter Chelsea. At Golden Pond he and his wife nevertheless agree to care for Billy the son of Chelseas new boyfriend and a most unexpected relationship blooms.
Actor	 Raging Bull	1980	8	8.3	129	Biography	Drama	December	92	An emotionally self-destructive boxers journey through life as the violence and temper that leads him to the top in the ring destroys his life outside it.
Actor	 Kramer vs. Kramer	1979	9	7.8	105	Drama		December	77	Ted Kramers wife leaves her husband allowing for a lost bond to be rediscovered between Ted and his son Billy. But a heated custody battle ensues over the divorced couples son deepening the wounds left by the separation.
Actor	 Coming Home	1978	8	7.3	127	Drama	Romance	February		A woman whose husband is fighting in Vietnam falls in love with another man who suffered a paralyzing combat injury there.
Actor	 The Goodbye Girl	1977	5	7.4	111	Comedy	Drama	February		After being dumped by her live-in boyfriend an unemployed dancer and her 10-year-old daughter are reluctantly forced to live with a struggling off-Broadway actor.
Actor	 Network	1976	10	8.1	121	Drama		November		A television network cynically exploits a deranged former anchors ravings and revelations about the news media for its own profit.
Actor	 One Flew Over the Cuckoo's Nest	1975	9	8.7	133	Drama		November	79	A criminal pleads insanity after getting into trouble again and once in the mental institution rebels against the oppressive nurse and rallies up the scared patients.
Actor	 Harry and Tonto	1974	2	7.5	115	Adventure	Comedy	January		When his apartment building is torn down a retired lifelong New Yorker goes on a cross country odyssey with his beloved cat Tonto.
Actor	 Save the Tiger	1973	3	6.9	100	Drama		July		A businessmans professional struggles begin to conflict with his personal life over the course of two days.
Actor	 The Godfather	1972	11	9.2	175	Crime	Drama	March	100	The aging patriarch of an organized crime dynasty transfers control of his clandestine empire to his reluctant son.
Actor	 The French Connection	1971	8	7.8	104	Action	Crime	October	96	A pair of NYC cops in the Narcotics Bureau stumble onto a drug smuggling job with a French connection.
Actor	 Patton	1970	10	8	172	Biography	Drama	April	91	The World War II phase of the career of the controversial American general George S. Patton.
Actor	 True Grit	1969	2	7.7	110	Adventure	Drama	December	80	A tough U.S. Marshal helps a stubborn teenager track down her fathers murderer.
Actor	 Charly	1968	 	7.1	103	Drama	Sci-Fi	September		An intellectually disabled man undergoes an experiment that gives him the intelligence of a genius.
Actor	 In the Heat of the Night	1967	7	8	109	Crime	Drama	October		An African American police detective is asked to investigate a murder in a racially hostile southern town.
Actor	 A Man for All Seasons	1966	8	7.9	120	Biography	Drama	May		The story of Thomas More who stood up to King Henry VIII when the King rejected the Roman Catholic Church to obtain a divorce and remarriage.
Actor	 Cat Ballou	1965	5	6.9	97	Comedy	Western	June		A woman seeking revenge for her murdered father hires a famous gunman but hes very different from what she expects.
Actor	 My Fair Lady	1964	12	7.9	170	Drama	Family	December		A misogynistic and snobbish phonetics professor agrees to a wager that he can take a flower girl and make her presentable in high society.
Actor	 Lilies of the Field	1963	5	7.7	94	Drama		July		A traveling handyman becomes the answer to the prayers of nuns who wish to build a chapel in the desert.
Actor	 To Kill a Mockingbird	1962	8	8.4	129	Drama		March		Atticus Finch a lawyer in the Depression-era South defends a black man against an undeserved rape charge and his kids against prejudice.
Actor	 Judgment at Nuremberg	1961	11	8.3	186	Drama	History	December		In 1948 an American court in occupied Germany tries four Nazi judges for war crimes.
Actor	 Elmer Gantry	1960	5	7.9	146	Drama		July		A fast-talking traveling salesman with a charming loquacious manner convinces a sincere evangelist that he can be an effective preacher for her cause.
Actor	 Ben-Hur	1959	12	8.1	212	Adventure	Drama	December		When a Jewish prince is betrayed and sent into slavery by a Roman friend he regains his freedom and comes back for revenge.
Actor	 Separate Tables	1958	7	7.6	100	Drama	Romance	February		"The stories of several people are told as they stay at a seaside hotel in Bournemouth which features dining at ""Separate Tables."""
Actor	 The Bridge on the River Kwai	1957	8	8.2	161	Adventure	Drama	October		After settling his differences with a Japanese PoW camp commander a British colonel co-operates to oversee his mens construction of a railway bridge for their captors - while oblivious to a plan by the Allies to destroy it.
Actor	 The King and I (Rodgers and Hammerstein's The King and I)	1956	9	7.5	133	Biography	Drama	June		A widow accepts a job as a live-in governess to the King of Siams children.
Actor	 Marty	1955	8	7.7	90	Drama	Romance	June		A middle-aged butcher and a school teacher who have given up on the idea of love meet at a dance and fall in love.
Actor	 On the Waterfront	1954	12	8.3	108	Crime	Drama	June	88	An ex-prize fighter turned longshoreman struggles to stand up to his corrupt union bosses.
Actor	 Stalag 17	1953	3	8.1	120	Comedy	Drama	August		When two escaping American World War II prisoners are killed the German POW camp barracks black marketeer J.J. Sefton is suspected of being an informer.
Actor	 High Noon	1952	7	8.1	85	Action	Drama	July	89	A marshall personally compelled to face a returning deadly enemy finds that his own town refuses to help him.
Actor	 The African Queen	1951	4	7.9	105	Adventure	Drama	February		In Africa during WWI a gin-swilling riverboat captain is persuaded by a strait-laced missionary to use his boat to attack an enemy warship.
Actor	 Cyrano de Bergerac	1950	 	7.6	112	Drama	Romance	November		The charismatic swordsman-poet helps another woo the woman he loves in this straightforward version of the play.
Actor	 All the King's Men	1949	7	7.6	110	Drama		January		The rise and fall of a corrupt politician who makes his friends richer and retains power by dint of a populist appeal.
Actor	 Hamlet	1948	7	7.9	155	Drama		August		Prince Hamlet struggles over whether or not he should kill his uncle whom he suspects has murdered his father the former king.
Actor	 A Double Life	1947	4	7.1	104	Crime	Drama			Anthony John is an actor whose life is strongly influenced by the characters he plays. When hes playing comedy hes the most enjoyable person in the world but when hes playing drama ...                See full summary »
Actor	 The Best Years of Our Lives	1946	8	8.2	172	Drama	Romance	June		Three WWII veterans return home to small-town America to discover that they and their families have been irreparably changed.
Actor	 The Lost Weekend	1945	7	8	101	Drama	Film-Noir	November		The desperate life of a chronic alcoholic is followed through a four day drinking bout.
Actor	 Going My Way	1944	10	7.3	126	Comedy	Drama	October		Youthful Father Chuck OMalley led a colorful life of sports song and romance before joining the Roman Catholic clergy but his level gaze and twinkling eyes make it clear that he knows ...                See full summary »
Actor	 Watch on the Rhine	1943	4	7.4	114	Drama		August		Sara and Kurt Muller and their three children are returning to her mothers home in Washington DC after 18 years in Europe. A Romanian Count living there discovers Kurts attache case full ...                See full summary »
Actor	 Yankee Doodle Dandy	1942	8	7.8	126	Biography	Drama	June		A film of the life of the renowned musical composer playwright actor dancer and singer George M. Cohan.
Actor	 Sergeant York	1941	11	7.8	134	Biography	Drama	September		A hillbilly sharpshooter drafted in WW1 despite his claim to be a pacifist who ends up becoming a war hero.
Actor	 The Philadelphia Story	1940	6	8.1	112	Comedy	Romance	December		When a rich womans ex-husband and a tabloid-type reporter turn up just before her planned remarriage she begins to learn the truth about herself.
Actor	 Goodbye Mr. Chips	1939	7	7.7	114	Drama	Romance	July		An aged teacher and former headmaster of a boarding school recalls his career and his personal life over the decades.
Actor	 Boys Town	1938	5	7.3	96	Biography	Drama	September		"Against all odds Father Flanagan starts ""Boys Town"" after hearing a convicts story. Whitey Marsh comes there. He runs away but hungry returns. He runs away again but when friend Pee ...                See full summary »"
Actor	 Captains Courageous	1937	4	8	117	Adventure	Drama	June		Harvey Cheyne is a spoiled brat used to having his own way. When a prank goes wrong onboard an ocean liner Harvey ends up overboard and nearly drowns. Fortunately hes picked up by a ...                See full summary »
Actor	 The Story of Louis Pasteur	1936	4	7.4	86	Biography	Drama	February		The biography of the pioneering French microbiologist who helped revolutionize agriculture and medicine.
Actor	 The Informer	1935	6	7.6	91	Drama		July		In 1922 an Irish rebel informs on his friend then feels doom closing in.
Actor	 It Happened One Night	1934	5	8.2	105	Comedy	Romance	February		A spoiled heiress running away from her family is helped by a man who is actually a reporter in need of a story.
Actor	 The Private Life of Henry VIII	1933	2	7.3	97	Biography	Comedy	August		Tells how King Henry VIII came to marry five more times after his divorce from his first wife.
Actor	 The Champ	1931	4	7.3	86	Drama	Family	November		"Dink Purcell loves his alcoholic father ex-heavyweight champion Andy ""Champ"" Purcell despite his frequent binges his frequent gambling and their squalid living conditions. And theres ...                See full summary »"
Actor	 A Free Soul	1930	3	6.7	93	Crime	Drama	June		An alcoholic lawyer who successfully defended a notorious gambler on a murder charge objects when his free-spirited daughter becomes romantically involved with him.
Actor	 Disraeli	1929	3	6.5	90	Biography	Drama	November		Prime Minister of Great Britain Benjamin Disraeli outwits the subterfuge of the Russians and chicanery at home in order to secure the purchase of the Suez Canal.
Actor	 In Old Arizona	1928	5	5.8	95	Romance	Western	January		A charming happy-go-lucky bandit in old Arizona plays cat-and-mouse with the sheriff trying to catch him while he romances a local beauty.
Actor	 The Last Command	1927	2	8	88	Drama	History	April		A former Imperial Russian general and cousin of the Czar ends up in Hollywood as an extra in a movie directed by a former revolutionary.
Actress	 Still Alice	2014		7.5	101	Drama		February	72	A linguistics professor and her family find their bonds tested when she is diagnosed with Alzheimers Disease.
Actress	 Blue Jasmine	2013	3	7.3	98	Drama		August	78	A New York socialite deeply troubled and in denial arrives in San Francisco to impose upon her sister. She looks a million but isnt bringing money peace or love...
Actress	 Silver Linings Playbook	2012	8	7.8	122	Comedy	Drama	November	81	After a stint in a mental institution former teacher Pat Solitano moves back in with his parents and tries to reconcile with his ex-wife. Things get more challenging when Pat meets Tiffany a mysterious girl with problems of her own.
Actress	 The Iron Lady	2011	2	6.4	105	Biography	Drama	January	54	An elderly Margaret Thatcher talks to the imagined presence of her recently deceased husband as she struggles to come to terms with his death while scenes from her past life from girlhood to British prime minister intervene.
Actress	 Black Swan	2010	5	8	108	Drama	Thriller	December	79	"A committed dancer wins the lead role in a production of Tchaikovskys ""Swan Lake"" only to find herself struggling to maintain her sanity."
Actress	 The Blind Side	2009	2	7.7	129	Biography	Drama	November	53	The story of Michael Oher a homeless and traumatized boy who became an All American football player and first round NFL draft pick with the help of a caring woman and her family.
Actress	 The Reader	2008	5	7.6	124	Drama	Romance	January	58	Post-WWII Germany: Nearly a decade after his affair with an older woman came to a mysterious end law student Michael Berg re-encounters his former lover as she defends herself in a war-crime trial.
Actress	 La vie en rose	2007	3	7.7	140	Biography	Drama	February	66	The life story of singer Édith Piaf.
Actress	 The Queen	2006	6	7.4	103	Biography	Drama	October	91	After the death of Princess Diana Queen Elizabeth II struggles with her reaction to a sequence of events nobody could have predicted.
Actress	 Walk the Line	2005	5	7.9	136	Biography	Drama	November	72	A chronicle of country music legend Johnny Cashs life from his early days on an Arkansas cotton farm to his rise to fame with Sun Records in Memphis where he recorded alongside Elvis Presley Jerry Lee Lewis and Carl Perkins.
Actress	 Million Dollar Baby	2004	7	8.1	132	Drama	Sport	January	86	A determined woman works with a hardened boxing trainer to become a professional.
Actress	 Monster	2003	 	7.3	109	Biography	Crime	January	74	Based on the life of Aileen Wuornos a Daytona Beach prostitute who became a serial killer.
Actress	 The Hours	2002	9	7.6	114	Drama		January	81	"The story of how the novel ""Mrs. Dalloway"" affects three generations of women all of whom in one way or another have had to deal with suicide in their lives."
Actress	 Monster's Ball	2001	2	7.1	111	Drama	Romance	February	69	After a family tragedy a racist prison guard reexamines his attitudes while falling in love with the African American wife of the last prisoner he executed.
Actress	 Erin Brockovich	2000	5	7.3	131	Biography	Drama	March	73	An unemployed single mother becomes a legal assistant and almost single-handedly brings down a California power company accused of polluting a citys water supply.
Actress	 Boys Don't Cry	1999	2	7.6	118	Biography	Drama	October	86	Female born Teena Brandon adopts his male identity of Brandon Teena and attempts to find himself and love in Nebraska.
Actress	 Shakespeare in Love	1998	13	7.2	123	Comedy	Drama	December	87	A young Shakespeare out of ideas and short of cash meets his ideal woman and is inspired to write one of his most famous plays.
Actress	 As Good As It Gets	1997	7	7.7	139	Comedy	Drama	December	67	A single mother/waitress a misanthropic author and a gay artist form an unlikely friendship after the artist is in an accident.
Actress	 Fargo	1996	7	8.2	98	Crime	Drama	April	85	Jerry Lundegaards inept crime falls apart due to his and his henchmens bungling and the persistent police work of the quite pregnant Marge Gunderson.
Actress	 Dead Man Walking	1995	4	7.6	122	Crime	Drama	February	80	A nun while comforting a convicted killer on death row empathizes with both the killer and his victims families.
Actress	 Blue Sky	1994	 	6.4	101	Drama	Romance	September		Jessica Lange stars in a period drama about a family moving to a military base and she quickly becomes part of a cover-up involving nuclear bomb tests.
Actress	 The Piano	1993	8	7.6	121	Drama	Music	November	89	A mute woman along with her young daughter and her prized piano are sent to 1850s New Zealand for an arranged marriage to a wealthy landowner and shes soon lusted after by a local worker on the plantation.
Actress	 Howards End	1992	9	7.5	140	Drama	Romance	May	87	A businessman thwarts his wifes bequest of an estate to another woman.
Actress	 The Silence of the Lambs	1991	7	8.6	118	Crime	Drama	February	84	A young F.B.I. cadet must confide in an incarcerated and manipulative killer to receive his help on catching another serial killer who skins his victims.
Actress	 Misery	1990	 	7.8	107	Thriller		November		After a famous author is rescued from a car crash by a fan of his novels he comes to realize that the care he is receiving is only the beginning of a nightmare of captivity and abuse.
Actress	 Driving Miss Daisy	1989	9	7.4	99	Comedy	Drama	January	81	An old Jewish woman and her African-American chauffeur in the American South have a relationship that grows and improves over the years.
Actress	 The Accused	1988	 	7.1	111	Crime	Drama	October		After a young woman suffers a brutal rape in a bar one night a prosecutor assists in bringing the perpetrators to justice including the ones who encouraged and cheered on the attack.
Actress	 Moonstruck	1987	6	7.1	102	Comedy	Drama	January	83	Loretta Castorini a book keeper from Brooklyn New York finds herself in a difficult situation when she falls for the brother of the man she has agreed to marry.
Actress	Children of a Lesser God	1986	5	7.2	119	Drama	Romance	October		James is a new speech teacher at a school for the deaf. He falls for Sarah a pupil who decided to stay on at the school rather than venture into the big bad world. She shuns him at first ...                See full summary »
Actress	 The Trip to Bountiful	1985	2	7.6	108	Drama		January		In 1940s Texas an elderly woman is determined to visit her childhood home for one last time.
Actress	 Places in the Heart	1984	7	7.3	111	Drama		October		In 1930s Southern US a widow and her family try to run their cotton farm with the help of a disparate group of friends.
Actress	 Terms of Endearment	1983	11	7.4	132	Comedy	Drama	December	79	Follows hard-to-please Aurora looking for love and her daughters family problems.
Actress	 Sophie's Choice	1982	5	7.7	150	Drama	Romance	December	68	After spending time with his new neighbors an aspiring writer realizes they are harboring deep secrets that will forever change him.
Actress	 On Golden Pond	1981	10	7.7	109	Drama		February		Norman is a curmudgeon with an estranged relationship with his daughter Chelsea. At Golden Pond he and his wife nevertheless agree to care for Billy the son of Chelseas new boyfriend and a most unexpected relationship blooms.
Actress	 Coal Miner's Daughter	1980	7	7.5	124	Biography	Drama	March		Biographical story of Loretta Lynn a legendary country singer that came from poverty to worldwide fame. She rose from humble beginnings in Kentucky to superstardom and changing the sound and style of country music forever.
Actress	 Norma Rae	1979	4	7.4	114	Drama		March		A young single mother and textile worker agrees to help unionize her mill despite the problems and dangers involved.
Actress	 Coming Home	1978	8	7.3	127	Drama	Romance	February		A woman whose husband is fighting in Vietnam falls in love with another man who suffered a paralyzing combat injury there.
Actress	 Annie Hall	1977	5	8.1	93	Comedy	Romance	April		Neurotic New York comedian Alvy Singer falls in love with the ditsy Annie Hall.
Actress	 Network	1976	10	8.1	121	Drama		November		A television network cynically exploits a deranged former anchors ravings and revelations about the news media for its own profit.
Actress	 One Flew Over the Cuckoo's Nest	1975	9	8.7	133	Drama		November	79	A criminal pleads insanity after getting into trouble again and once in the mental institution rebels against the oppressive nurse and rallies up the scared patients.
Actress	 Alice Doesn't Live Here Anymore	1974	3	7.4	112	Drama	Romance	May		A recently widowed woman is on the road with her precocious young son determined to make a new life for herself as a singer.
Actress	 A Touch of Class	1973	5	6.5	106	Comedy	Romance	August		Romantic comedy about a pair of clandestine lovers in a London-Spain tryst.
Actress	 Cabaret	1972	10	7.9	124	Drama	Musical	February	80	A female girlie club entertainer in Weimar Republic era Berlin romances two men while the Nazi Party rises to power around them.
Actress	 Klute	1971	2	7.2	114	Crime	Mystery	June		A small-town detective searching for a missing man has only one lead: a connection with a New York prostitute.
Actress	 Women in Love	1970	4	7.6	131	Drama	Romance	September		The battle of the sexes and relationships among the elite of Britians industrial Midlands in the 1920s. Gerald Crich and Rupert Berkin are best friends who fall in love with a pair of ...                See full summary »
Actress	 The Prime of Miss Jean Brodie	1969	2	7.7	116	Drama		June		A headstrong young teacher in a private school in 1930s Edinburgh ignores the curriculum and influences her impressionable 12 year old charges with her over-romanticized world view.
Actress	 The Lion in Winter	1968	7	8.2	134	Biography	Drama	October		1183 AD: King Henry IIs three sons all want to inherit the throne but he wont commit to a choice. They and his wife variously plot to force him.
Actress	Guess Who's Coming to Dinner	1967	10	7.8	108	Comedy	Drama	December		A couples attitudes are challenged when their daughter introduces them to her African-American fiancé.
Actress	 Who's Afraid of Virginia Woolf?	1966	13	8.1	131	Drama		June		A bitter aging couple with the help of alcohol use a young couple to fuel anguish and emotional pain towards each other.
Actress	 Darling	1965	5	7.2	128	Drama	Romance	September		A beautiful but amoral model sleeps her way to the top of the London fashion scene at the height of the Swinging Sixties.
Actress	 Mary Poppins	1964	13	7.8	139	Comedy	Family	September		A magic nanny comes to work for a cold bankers unhappy family.
Actress	Hud	1963	7	7.9	112	Drama		May		Hud Bannon is a ruthless young man who tarnishes everything and everyone he touches. Hud represents the perfect embodiment of alienated youth out for kicks with no regard for the ...                See full summary »
Actress	 The Miracle Worker	1962	5	8.1	106	Biography	Drama	July		The story of Anne Sullivans struggle to teach the blind and deaf Helen Keller how to communicate.
Actress	 Two Women	1961	 	7.9	100	Drama	War	December		In the Italy of WWII a widow and her lonely daughter seek for distance between them and the horrors of war.
Actress	 Butterfield 8	1960	2	6.4	109	Drama		November		The romantic life of a fashionable Manhattan beauty whos part model part call-girl--and all man-trap.
Actress	 Room at the Top	1959	6	7.7	117	Drama	Romance	January		An ambitious young accountant schemes to wed a wealthy factory owners daughter despite falling in love with a married older woman.
Actress	 I Want to Live!	1958	6	7.5	120	Biography	Crime	November		A prostitute sentenced to death for murder pleads her innocence.
Actress	 The Three Faces of Eve	1957	 	7.2	91	Drama	Mystery	September		A doctor treats a woman suffering from Multiple Personality Disorder.
Actress	 Anastasia	1956	2	7.2	105	Biography	Drama	December		An opportunistic Russian businessman tries to pass a mysterious impostor as the Grand Duchess Anastasia. But she is so convincing in her performance that even the biggest skeptics believe her.
Actress	 The Rose Tattoo	1955	8	7.2	117	Comedy	Drama			An Italian-American neighborhood in Louisiana is disturbed when truck driver Rosario Delle Rose is killed by police while smuggling. His buxom widow Serafina miscarries then over a period ...                See full summary »
Actress	 The Country Girl	1954	7	7.3	104	Drama	Music	May		A director hires an alcoholic has-been and strikes up a stormy relationship with the actors wife who he believes is the cause of all the mans problems.
Actress	 Roman Holiday	1953	10	8.1	118	Comedy	Romance	September	76	A bored and sheltered princess escapes her guardians and falls in love with an American newsman in Rome.
Actress	 Come Back Little Sheba	1952	3	7.8	99	Drama	Romance	December		An emotionally remote recovering alcoholic and his dowdy unambitious wife face a personal crisis when they take in an attractive lodger.
Actress	 A Streetcar Named Desire	1951	12	8.1	122	Drama		December		Disturbed Blanche DuBois moves in with her sister in New Orleans and is tormented by her brutish brother-in-law while her reality crumbles around her.
Actress	 Born Yesterday	1950	5	7.6	103	Comedy	Drama	May		A million dollar Tycoon hires a tutor to teach his lover proper etiquette.
Actress	 The Heiress	1949	8	8.3	115	Drama	Romance	February		A young naive woman falls for a handsome young man who her emotionally abusive father suspects is a fortune hunter.
Actress	 Johnny Belinda	1948	12	7.8	102	Drama		September		In post-war Cape Breton a doctors efforts to tutor a deaf/mute woman are undermined when she is raped and the resulting pregnancy causes scandal to swirl.
Actress	 The Farmer's Daughter	1947	2	7.4	97	Drama	Romance	March		Katie Holstrom leaves the farm to become a nurse but is sidetracked into domestic service romance and politics.
Actress	 To Each His Own	1946	2	7.8	122	Drama	Romance	March		An unwed mother forced to give up her child to avoid scandal follows her sons life from afar even as she prospers in business.
Actress	 Mildred Pierce	1945	6	8	111	Crime	Drama			A hard-working mother inches towards disaster as she divorces her husband and starts a successful restaurant business to support her spoiled daughter.
Actress	 Gaslight	1944	7	7.9	114	Crime	Drama	May		Years after her aunt was murdered in her home a young woman moves back into the house with her new husband. However he has a secret that he will do anything to protect even if it means driving his wife insane.
Actress	 The Song of Bernadette	1943	12	7.7	156	Biography	Drama	April		"In 1858 France Bernadette an adolescent peasant girl has a vision of ""a beautiful lady"" in the city dump. She never claims it to be anything other than this but the townspeople all ...                See full summary »"
Actress	 Mrs. Miniver	1942	12	7.6	134	Drama	Romance	December		A British family struggles to survive the first months of World War II.
Actress	 Suspicion	1941	3	7.5	99	Mystery	Thriller	November		A shy young heiress marries a charming gentleman and soon begins to suspect he is planning to murder her.
Actress	 Kitty Foyle: The Natural History of a Woman	1940	5	7.1	108	Drama	Romance	December		Kitty Foyle a hard-working white-collar girl from a Philadelphia Pennsylvania low middle-class family meets and falls in love with young socialite Wyn Strafford but his family is against her.
Actress	 Gone With the Wind	1939	13	8.2	238	Drama	Romance	January		A manipulative Southern belle carries on a turbulent affair with a blockade runner during the American Civil War.
Actress	 Jezebel	1938	5	7.6	104	Drama	Romance	March		A haughty headstrong Southern Belle in Antebellum Louisiana loses her fiance due to her stubborn vanity and pride and vows to get him back.
Actress	 The Good Earth	1937	5	7.8	138	Drama	Romance	August		The story of a farmer in China: a story of humility and bravery. His father gives Wang Lung a freed slave as wife. By diligence and frugality the two manage to enlarge their property. But ...                See full summary »
Actress	 The Great Ziegfeld	1936	7	6.8	176	Biography	Drama	April		This biography follows the ups and downs of Florenz Ziegfeld famed producer of extravagant stage revues.
Actress	 Dangerous	1935	 	7.2	79	Drama		December		An alcoholic actress who is considered a dangerous jinx is rehabilitated but she then shows that shes as dangerous as ever.
Actress	 It Happened One Night	1934	5	8.2	105	Comedy	Romance	February		A spoiled heiress running away from her family is helped by a man who is actually a reporter in need of a story.
Actress	 Morning Glory	1933	 	6.6	74	Drama	Romance	August		When a naively innocent aspiring actress arrives on the Broadway scene she is taken under the wing of several theater veterans who mentor her to ultimate success.
Actress	 The Sin of Madelon Claudet	1931	 	6.8	75	Drama		October		Out of jail for a crime she did not commit Madelon turns to prostitution and thievery to send her illegitimate son to medical school.
Actress	 Min and Bill	1930	 	7.4	69	Comedy	Drama	November		Min the owner of a dockside hotel is forced to make difficult decisions about the future of Nancy the young woman she took in as an infant.
Actress	 The Divorcee	1929	4	6.9	84	Romance	Drama	April		When a woman discovers that her husband has been unfaithful to her she decides to respond to his infidelities in kind.
Actress	 Coquette	1928	 	7.3	76	Drama	Romance	April		A flirtatious southern belle is compromised with one of her beaus.
Actress	 Seventh Heaven (7th Heaven)	1927	5	7.8	110	Drama	Romance			A street cleaner saves a young womans life and the pair slowly fall in love until war intervenes.
Director	 Birdman	2014	9	7.8	119	Comedy	Drama	November	88	Illustrated upon the progress of his latest Broadway play a former popular actors struggle to cope with his current life as a wasted actor is shown.
Director	 Gravity	2013	10	7.9	91	Sci-Fi	Thriller	October	96	A medical engineer and an astronaut work together to survive after an accident leaves them adrift in space.
Director	 Life of Pi	2012	11	8	127	Adventure	Drama	November	79	A young man who survives a disaster at sea is hurtled into an epic journey of adventure and discovery. While cast away he forms an unexpected connection with another survivor: a fearsome Bengal tiger.
Director	 The Artist	2011	10	8	100	Comedy	Drama	October	89	A silent movie star meets a young dancer but the arrival of talking pictures sends their careers in opposite directions.
Director	 The King's Speech	2010	12	8	118	Biography	Drama	December	88	The story of King George VI of the United Kingdom of Great Britain and Northern Ireland his impromptu ascension to the throne and the speech therapist who helped the unsure monarch become worthy of it.
Director	 The Hurt Locker	2009	9	7.6	131	Drama	History	July	94	During the Iraq War a Sergeant recently assigned to an army bomb squad is put at odds with his squad mates due to his maverick way of handling his work.
Director	 Slumdog Millionaire	2008	10	8	120	Drama	Romance	January	86	"A Mumbai teen reflects on his upbringing in the slums when he is accused of cheating on the Indian Version of ""Who Wants to be a Millionaire?"""
Director	 No Country for Old Men	2007	8	8.1	122	Crime	Drama	November	91	Violence and mayhem ensue after a hunter stumbles upon a drug deal gone wrong and more than two million dollars in cash near the Rio Grande.
Director	 The Departed	2006	5	8.5	151	Crime	Drama	October	86	An undercover cop and a mole in the police attempt to identify each other while infiltrating an Irish gang in South Boston.
Director	 Brokeback Mountain	2005	8	7.7	134	Drama	Romance	January	87	The story of a forbidden and secretive relationship between two cowboys and their lives over the years.
Director	 Million Dollar Baby	2004	7	8.1	132	Drama	Sport	January	86	A determined woman works with a hardened boxing trainer to become a professional.
Director	 The Lord of the Rings: The Return of the King	2003	11	8.9	201	Adventure	Drama	December	94	Gandalf and Aragorn lead the World of Men against Saurons army to draw his gaze from Frodo and Sam as they approach Mount Doom with the One Ring.
Director	 The Pianist	2002	7	8.5	150	Biography	Drama	January	85	A Polish Jewish musician struggles to survive the destruction of the Warsaw ghetto of World War II.
Director	 A Beautiful Mind	2001	8	8.2	135	Biography	Drama	January	72	After a brilliant but asocial mathematician John Nash accepts secret work in cryptography his life takes a turn for the nightmarish.
Director	 Traffic	2000	5	7.6	147	Crime	Drama	January	86	A conservative judge is appointed by the President to spearhead Americas escalating war against drugs only to discover that his teenage daughter is a crack addict. Two DEA agents protect an informant. A jailed drug barons wife attempts to carry on the family business.
Director	 American Beauty	1999	8	8.4	122	Drama	Romance	October	86	A sexually frustrated suburban father has a mid-life crisis after becoming infatuated with his daughters best friend.
Director	 Saving Private Ryan	1998	11	8.6	169	Action	Drama	July	90	Following the Normandy Landings a group of U.S. soldiers go behind enemy lines to retrieve a paratrooper whose brothers have been killed in action.
Director	 Titanic	1997	14	7.7	194	Drama	Romance	December	74	A seventeen-year-old aristocrat falls in love with a kind but poor artist aboard the luxurious ill-fated R.M.S. Titanic.
Director	 The English Patient	1996	12	7.4	162	Drama	Romance	November	87	At the close of WWII a young nurse tends to a badly-burned plane crash victim. His past is shown in flashbacks revealing an involvement in a fateful love affair.
Director	 Braveheart	1995	10	8.4	178	Biography	Drama	May	68	When his secret bride is executed for assaulting an English soldier who tried to rape her William Wallace begins a revolt against King Edward I of England.
Director	 Forrest Gump	1994	13	8.8	142	Drama	Romance	July	82	Forrest Gump while not intelligent has accidentally been present at many historic moments but his true love Jenny Curran eludes him.
Director	 Schindler's List	1993	12	8.9	195	Biography	Drama	December	93	In Poland during World War II Oskar Schindler gradually becomes concerned for his Jewish workforce after witnessing their persecution by the Nazis.
Director	 Unforgiven	1992	10	8.3	131	Western		August	82	Retired Old West gunslinger William Munny reluctantly takes on one last job with the help of his old partner and a young man.
Director	 The Silence of the Lambs	1991	7	8.6	118	Crime	Drama	February	84	A young F.B.I. cadet must confide in an incarcerated and manipulative killer to receive his help on catching another serial killer who skins his victims.
Director	 Dances with Wolves	1990	12	8	181	Adventure	Drama	November	72	Lt. John Dunbar exiled to a remote western Civil War outpost befriends wolves and Indians making him an intolerable aberration in the military.
Director	 Born on the Fourth of July	1989	8	7.2	145	Biography	Drama	January	75	The biography of Ron Kovic. Paralyzed in the Vietnam war he becomes an anti-war and pro-human rights political activist after feeling betrayed by the country he fought for.
Director	 Rain Man	1988	8	8	133	Drama		December	65	Selfish yuppie Charlie Babbitts father left a fortune to his savant brother Raymond and a pittance to Charlie; they travel cross-country.
Director	 The Last Emperor	1987	9	7.8	163	Biography	Drama	October	76	The story of the final Emperor of China.
Director	 Platoon	1986	8	8.1	120	Drama	War	February		A young recruit in Vietnam faces a moral crisis when confronted with the horrors of war and the duality of man.
Director	Out of Africa	1985	11	7.2	161	Biography	Drama	December		In 20th-century colonial Kenya a Danish baroness/plantation owner has a passionate love affair with a free-spirited big-game hunter.
Director	 Amadeus	1984	11	8.3	160	Biography	Drama	October	93	The incredible story of Wolfgang Amadeus Mozart told by his peer and secret rival Antonio Salieri - now confined to an insane asylum.
Director	 Terms of Endearment	1983	11	7.4	132	Comedy	Drama	December	79	Follows hard-to-please Aurora looking for love and her daughters family problems.
Director	 Gandhi	1982	11	8.1	191	Biography	Drama	December		The life of the lawyer who became the famed leader of the Indian revolts against the British rule through his philosophy of nonviolent protest.
Director	 Reds	1981	12	7.5	195	Biography	Drama	December		A radical American journalist becomes involved with the Communist revolution in Russia and hopes to bring its spirit and idealism to the United States.
Director	 Ordinary People	1980	6	7.8	124	Drama		February	85	The accidental death of the older son of an affluent family deeply strains the relationships among the bitter mother the good-natured father and the guilt-ridden younger son.
Director	 Kramer vs. Kramer	1979	9	7.8	105	Drama		December	77	Ted Kramers wife leaves her husband allowing for a lost bond to be rediscovered between Ted and his son Billy. But a heated custody battle ensues over the divorced couples son deepening the wounds left by the separation.
Director	 The Deer Hunter	1978	9	8.2	183	Drama	War	February	73	An in-depth examination of the ways in which the U.S. Vietnam war impacts and disrupts the lives of people in a small industrial town in Pennsylvania.
Director	 Annie Hall	1977	5	8.1	93	Comedy	Romance	April		Neurotic New York comedian Alvy Singer falls in love with the ditsy Annie Hall.
Director	 Rocky	1976	10	8.1	120	Drama	Sport	December		Rocky Balboa a small-time boxer gets a supremely rare chance to fight the heavy-weight champion Apollo Creed in a bout in which he strives to go the distance for his self-respect.
Director	 One Flew Over the Cuckoo's Nest	1975	9	8.7	133	Drama		November	79	A criminal pleads insanity after getting into trouble again and once in the mental institution rebels against the oppressive nurse and rallies up the scared patients.
Director	 The Godfather: Part II	1974	11	9	202	Crime	Drama	December	80	The early life and career of Vito Corleone in 1920s New York is portrayed while his son Michael expands and tightens his grip on his crime syndicate stretching from Lake Tahoe Nevada to pre-revolution 1958 Cuba.
Director	 The Sting	1973	10	8.3	129	Comedy	Crime	December		In Chicago in September 1936 a young con man seeking revenge for his murdered partner teams up with a master of the big con to win a fortune from a criminal banker.
Director	 Cabaret	1972	10	7.9	124	Drama	Musical	February	80	A female girlie club entertainer in Weimar Republic era Berlin romances two men while the Nazi Party rises to power around them.
Director	 The French Connection	1971	8	7.8	104	Action	Crime	October	96	A pair of NYC cops in the Narcotics Bureau stumble onto a drug smuggling job with a French connection.
Director	 Patton	1970	10	8	172	Biography	Drama	April	91	The World War II phase of the career of the controversial American general George S. Patton.
Director	 Midnight Cowboy	1969	7	7.9	113	Drama		June		A naive hustler goes to New York to seek personal fortune but in the process finds himself a new friend.
Director	 Oliver!	1968	11	7.5	153	Drama	Family	September		Musical adaptation about an orphan who runs away from an orphanage and hooks up with a group of boys trained to be pickpockets by an elderly mentor.
Director	The Graduate	1967	7	8	106	Comedy	Drama	December	77	A disillusioned college graduate finds himself torn between his older lover and her daughter.
Director	 A Man for All Seasons	1966	8	7.9	120	Biography	Drama	May		The story of Thomas More who stood up to King Henry VIII when the King rejected the Roman Catholic Church to obtain a divorce and remarriage.
Director	 The Sound of Music	1965	10	8	174	Biography	Drama	March		A woman leaves an Austrian convent to become a governess to the children of a Naval officer widower.
Director	 My Fair Lady	1964	12	7.9	170	Drama	Family	December		A misogynistic and snobbish phonetics professor agrees to a wager that he can take a flower girl and make her presentable in high society.
Director	Tom Jones	1963	10	6.8	128	Adventure	Comedy	December		"In eighteenth century England ""first cousins"" Tom Jones and Master Blifil grew up together in privilege in the western countryside but could not be more different in nature. Tom the ...                See full summary »"
Director	 Lawrence of Arabia	1962	10	8.4	216	Adventure	Biography	January	100	Follows a brilliant flamboyant and controversial British military figure and his conflicted loyalties during wartime service.
Director	West Side Story	1961	11	7.6	152	Crime	Drama	December		Two youngsters from rival New York City gangs fall in love but tensions between their respective friends build toward tragedy.
Director	 The Apartment	1960	10	8.3	125	Comedy	Drama	September		A man tries to rise in his company by letting its executives use his apartment for trysts but complications and a romance of his own ensue.
Director	 Ben-Hur	1959	12	8.1	212	Adventure	Drama	December		When a Jewish prince is betrayed and sent into slavery by a Roman friend he regains his freedom and comes back for revenge.
Director	 Gigi	1958	9	6.9	115	Comedy	Musical	August		Weary of the conventions of Parisian society a rich playboy and a youthful courtesan-in-training enjoy a platonic friendship but it may not stay platonic for long.
Director	 The Bridge on the River Kwai	1957	8	8.2	161	Adventure	Drama	October		After settling his differences with a Japanese PoW camp commander a British colonel co-operates to oversee his mens construction of a railway bridge for their captors - while oblivious to a plan by the Allies to destroy it.
Director	 Giant	1956	10	7.7	201	Drama		November		Sprawling epic covering the life of a Texas cattle rancher and his family and associates.
Director	 Marty	1955	8	7.7	90	Drama	Romance	June		A middle-aged butcher and a school teacher who have given up on the idea of love meet at a dance and fall in love.
Director	 On the Waterfront	1954	12	8.3	108	Crime	Drama	June	88	An ex-prize fighter turned longshoreman struggles to stand up to his corrupt union bosses.
Director	 From Here to Eternity	1953	13	7.8	118	Drama	Romance	October		In 1941 Hawaii a private is cruelly punished for not boxing on his units team while his captains wife and second in command are falling in love.
Director	 The Quiet Man	1952	7	7.9	129	Comedy	Drama	September		A retired American boxer returns to the village of his birth in Ireland where he finds love.
Director	 A Place in the Sun	1951	9	7.8	122	Drama	Film-Noir	October		A poor boy gets a job working for his rich uncle and ends up falling in love with two women.
Director	 All About Eve	1950	14	8.3	138	Comedy	Drama	January		An ingenue insinuates herself in to the company of an established but aging stage actress and her circle of theater friends.
Director	 A Letter to Three Wives	1949	3	7.9	103	Drama	Romance	January		"A letter is addressed to three wives from their ""best friend"" Addie Ross announcing that she is running away with one of their husbands: but she does not say which one."
Director	 The Treasure of the Sierra Madre	1948	4	8.3	126	Action	Adventure	January		Fred Dobbs and Bob Curtin two Americans searching for work in Mexico convince an old prospector to help them mine for gold in the Sierra Madre Mountains.
Director	 Gentleman's Agreement	1947	8	7.4	118	Drama		February		A reporter pretends to be Jewish in order to cover a story on anti-Semitism and personally discovers the true depths of bigotry and hatred.
Director	 The Best Years of Our Lives	1946	8	8.2	172	Drama	Romance	June		Three WWII veterans return home to small-town America to discover that they and their families have been irreparably changed.
Director	 The Lost Weekend	1945	7	8	101	Drama	Film-Noir	November		The desperate life of a chronic alcoholic is followed through a four day drinking bout.
Director	 Going My Way	1944	10	7.3	126	Comedy	Drama	October		Youthful Father Chuck OMalley led a colorful life of sports song and romance before joining the Roman Catholic clergy but his level gaze and twinkling eyes make it clear that he knows ...                See full summary »
Director	 Casablanca	1943	8	8.6	102	Drama	Romance	January		Set in Casablanca Morocco during the early days of World War II: An American expatriate meets a former lover with unforeseen complications.
Director	 Mrs. Miniver	1942	12	7.6	134	Drama	Romance	December		A British family struggles to survive the first months of World War II.
Director	 How Green Was My Valley	1941	10	7.8	118	Drama	Family	April		At the turn of the century in a Welsh mining village the Morgans (he stern she gentle) raise coal-mining sons and hope their youngest will find a better life.
Director	 The Grapes of Wrath	1940	7	8.1	129	Drama		March		A poor Midwest family is forced off of their land. They travel to California suffering the misfortunes of the homeless in the Great Depression.
Director	 Gone With the Wind	1939	13	8.2	238	Drama	Romance	January		A manipulative Southern belle carries on a turbulent affair with a blockade runner during the American Civil War.
Director	 You Can't Take it With You	1938	7	8	126	Comedy	Drama	November		A man from a family of rich snobs becomes engaged to a woman from a good-natured but decidedly eccentric family.
Director	 The Awful Truth	1937	6	8	91	Comedy	Romance	October		Unfounded suspicions lead a married couple to begin divorce proceedings whereupon they start undermining each others attempts to find new romance.
Director	 Mr. Deeds Goes to Town	1936	5	8	115	Comedy	Drama	April		Longfellow Deeds a simple-hearted Vermont tuba player inherits a fortune and has to contend with opportunist city slickers.
Director	 The Informer	1935	6	7.6	91	Drama		July		In 1922 an Irish rebel informs on his friend then feels doom closing in.
Director	 It Happened One Night	1934	5	8.2	105	Comedy	Romance	February		A spoiled heiress running away from her family is helped by a man who is actually a reporter in need of a story.
Director	 Cavalcade	1933	4	6.1	112	Drama	Romance	April		A cavalcade of English life from New Years Eve 1899 until 1933 seen through the eyes of well-to-do Londoners Jane and Robert Marryot. Amongst events touching their family are the Boer War...                See full summary »
Director	 Bad Girl	1931	3	6.7	90	Drama		August		A man and woman skeptical about romance nonetheless fall in love and are wed but their lack of confidence in the opposite sex haunts their marriage.
Director	 Skippy	1930	4	6.3	85	Family	Drama	April		Skippy the mischievous son of a wealthy doctor meets Sooky in poverty-ridden Shantytown and together they try to save Sookys pet from a cruel dogcatcher.
Director	 All Quiet on the Western Front	1929	4	8.1	136	Drama	War	August		A young soldier faces profound disillusionment in the soul-destroying horror of World War I.
Director	 The Divine Lady	1928	3	6.3	99	Drama	History			The story of the romance between Emma Lady Hamilton and British war hero Admiral Horatio Nelson.
Picture	 Birdman	2014	9	7.8	119	Comedy	Drama	November	88	Illustrated upon the progress of his latest Broadway play a former popular actors struggle to cope with his current life as a wasted actor is shown.
Picture	 12 Years a Slave	2013	9	8.1	134	Biography	Drama	November	97	In the antebellum United States Solomon Northup a free black man from upstate New York is abducted and sold into slavery.
Picture	 Argo	2012	7	7.8	120	Biography	Drama	October	86	Acting under the cover of a Hollywood producer scouting a location for a science fiction film a CIA agent launches a dangerous operation to rescue six Americans in Tehran during the U.S. hostage crisis in Iran in 1980.
Picture	 The Artist	2011	10	8	100	Comedy	Drama	October	89	A silent movie star meets a young dancer but the arrival of talking pictures sends their careers in opposite directions.
Picture	 The King's Speech	2010	12	8	118	Biography	Drama	December	88	The story of King George VI of the United Kingdom of Great Britain and Northern Ireland his impromptu ascension to the throne and the speech therapist who helped the unsure monarch become worthy of it.
Picture	 The Hurt Locker	2009	9	7.6	131	Drama	History	July	94	During the Iraq War a Sergeant recently assigned to an army bomb squad is put at odds with his squad mates due to his maverick way of handling his work.
Picture	 Slumdog Millionaire	2008	10	8	120	Drama	Romance	January	86	"A Mumbai teen reflects on his upbringing in the slums when he is accused of cheating on the Indian Version of ""Who Wants to be a Millionaire?"""
Picture	 No Country for Old Men	2007	8	8.1	122	Crime	Drama	November	91	Violence and mayhem ensue after a hunter stumbles upon a drug deal gone wrong and more than two million dollars in cash near the Rio Grande.
Picture	 The Departed	2006	5	8.5	151	Crime	Drama	October	86	An undercover cop and a mole in the police attempt to identify each other while infiltrating an Irish gang in South Boston.
Picture	 Crash	2005	6	7.9	112	Drama		May	69	Los Angeles citizens with vastly separate lives collide in interweaving stories of race loss and redemption.
Picture	 Million Dollar Baby	2004	7	8.1	132	Drama	Sport	January	86	A determined woman works with a hardened boxing trainer to become a professional.
Picture	 The Lord of the Rings: The Return of the King	2003	11	8.9	201	Adventure	Drama	December	94	Gandalf and Aragorn lead the World of Men against Saurons army to draw his gaze from Frodo and Sam as they approach Mount Doom with the One Ring.
Picture	 Chicago	2002	13	7.2	113	Comedy	Crime	February	82	Murderesses Velma Kelly and Roxie Hart find themselves on death row together and fight for the fame that will keep them from the gallows in 1920s Chicago.
Picture	 A Beautiful Mind	2001	8	8.2	135	Biography	Drama	January	72	After a brilliant but asocial mathematician John Nash accepts secret work in cryptography his life takes a turn for the nightmarish.
Picture	 Gladiator	2000	12	8.5	155	Action	Drama	May	64	When a Roman general is betrayed and his family murdered by an emperors corrupt son he comes to Rome as a gladiator to seek revenge.
Picture	 American Beauty	1999	8	8.4	122	Drama	Romance	October	86	A sexually frustrated suburban father has a mid-life crisis after becoming infatuated with his daughters best friend.
Picture	 Shakespeare in Love	1998	13	7.2	123	Comedy	Drama	December	87	A young Shakespeare out of ideas and short of cash meets his ideal woman and is inspired to write one of his most famous plays.
Picture	 Titanic	1997	14	7.7	194	Drama	Romance	December	74	A seventeen-year-old aristocrat falls in love with a kind but poor artist aboard the luxurious ill-fated R.M.S. Titanic.
Picture	 The English Patient	1996	12	7.4	162	Drama	Romance	November	87	At the close of WWII a young nurse tends to a badly-burned plane crash victim. His past is shown in flashbacks revealing an involvement in a fateful love affair.
Picture	 Braveheart	1995	10	8.4	178	Biography	Drama	May	68	When his secret bride is executed for assaulting an English soldier who tried to rape her William Wallace begins a revolt against King Edward I of England.
Picture	 Forrest Gump	1994	13	8.8	142	Drama	Romance	July	82	Forrest Gump while not intelligent has accidentally been present at many historic moments but his true love Jenny Curran eludes him.
Picture	 Schindler's List	1993	12	8.9	195	Biography	Drama	December	93	In Poland during World War II Oskar Schindler gradually becomes concerned for his Jewish workforce after witnessing their persecution by the Nazis.
Picture	 Unforgiven	1992	10	8.3	131	Western		August	82	Retired Old West gunslinger William Munny reluctantly takes on one last job with the help of his old partner and a young man.
Picture	 The Silence of the Lambs	1991	7	8.6	118	Crime	Drama	February	84	A young F.B.I. cadet must confide in an incarcerated and manipulative killer to receive his help on catching another serial killer who skins his victims.
Picture	 Dances with Wolves	1990	12	8	181	Adventure	Drama	November	72	Lt. John Dunbar exiled to a remote western Civil War outpost befriends wolves and Indians making him an intolerable aberration in the military.
Picture	 Driving Miss Daisy	1989	9	7.4	99	Comedy	Drama	January	81	An old Jewish woman and her African-American chauffeur in the American South have a relationship that grows and improves over the years.
Picture	 Rain Man	1988	8	8	133	Drama		December	65	Selfish yuppie Charlie Babbitts father left a fortune to his savant brother Raymond and a pittance to Charlie; they travel cross-country.
Picture	 The Last Emperor	1987	9	7.8	163	Biography	Drama	October	76	The story of the final Emperor of China.
Picture	 Platoon	1986	8	8.1	120	Drama	War	February		A young recruit in Vietnam faces a moral crisis when confronted with the horrors of war and the duality of man.
Picture	 Out of Africa	1985	11	7.2	161	Biography	Drama	December		In 20th-century colonial Kenya a Danish baroness/plantation owner has a passionate love affair with a free-spirited big-game hunter.
Picture	 Amadeus	1984	11	8.3	160	Biography	Drama	October	93	The incredible story of Wolfgang Amadeus Mozart told by his peer and secret rival Antonio Salieri - now confined to an insane asylum.
Picture	 Terms of Endearment	1983	11	7.4	132	Comedy	Drama	December	79	Follows hard-to-please Aurora looking for love and her daughters family problems.
Picture	 Gandhi	1982	11	8.1	191	Biography	Drama	December		The life of the lawyer who became the famed leader of the Indian revolts against the British rule through his philosophy of nonviolent protest.
Picture	 Chariots of Fire	1981	7	7.3	125	Biography	Drama	May		Two British track athletes one a determined Jew and the other a devout Christian compete in the 1924 Olympics.
Picture	 Ordinary People	1980	6	7.8	124	Drama		February	85	The accidental death of the older son of an affluent family deeply strains the relationships among the bitter mother the good-natured father and the guilt-ridden younger son.
Picture	 Kramer vs. Kramer	1979	9	7.8	105	Drama		December	77	Ted Kramers wife leaves her husband allowing for a lost bond to be rediscovered between Ted and his son Billy. But a heated custody battle ensues over the divorced couples son deepening the wounds left by the separation.
Picture	 The Deer Hunter	1978	9	8.2	183	Drama	War	February	73	An in-depth examination of the ways in which the U.S. Vietnam war impacts and disrupts the lives of people in a small industrial town in Pennsylvania.
Picture	 Annie Hall	1977	5	8.1	93	Comedy	Romance	April		Neurotic New York comedian Alvy Singer falls in love with the ditsy Annie Hall.
Picture	 Rocky	1976	10	8.1	120	Drama	Sport	December		Rocky Balboa a small-time boxer gets a supremely rare chance to fight the heavy-weight champion Apollo Creed in a bout in which he strives to go the distance for his self-respect.
Picture	 One Flew Over the Cuckoo's Nest	1975	9	8.7	133	Drama		November	79	A criminal pleads insanity after getting into trouble again and once in the mental institution rebels against the oppressive nurse and rallies up the scared patients.
Picture	 The Godfather: Part II	1974	11	9	202	Crime	Drama	December	80	The early life and career of Vito Corleone in 1920s New York is portrayed while his son Michael expands and tightens his grip on his crime syndicate stretching from Lake Tahoe Nevada to pre-revolution 1958 Cuba.
Picture	 The Sting	1973	10	8.3	129	Comedy	Crime	December		In Chicago in September 1936 a young con man seeking revenge for his murdered partner teams up with a master of the big con to win a fortune from a criminal banker.
Picture	 The Godfather	1972	11	9.2	175	Crime	Drama	March	100	The aging patriarch of an organized crime dynasty transfers control of his clandestine empire to his reluctant son.
Picture	 The French Connection	1971	8	7.8	104	Action	Crime	October	96	A pair of NYC cops in the Narcotics Bureau stumble onto a drug smuggling job with a French connection.
Picture	 Patton	1970	10	8	172	Biography	Drama	April	91	The World War II phase of the career of the controversial American general George S. Patton.
Picture	 Midnight Cowboy	1969	7	7.9	113	Drama		June		A naive hustler goes to New York to seek personal fortune but in the process finds himself a new friend.
Picture	 Oliver!	1968	11	7.5	153	Drama	Family	September		Musical adaptation about an orphan who runs away from an orphanage and hooks up with a group of boys trained to be pickpockets by an elderly mentor.
Picture	 In the Heat of the Night	1967	7	8	109	Crime	Drama	October		An African American police detective is asked to investigate a murder in a racially hostile southern town.
Picture	 A Man for All Seasons	1966	8	7.9	120	Biography	Drama	May		The story of Thomas More who stood up to King Henry VIII when the King rejected the Roman Catholic Church to obtain a divorce and remarriage.
Picture	 The Sound of Music	1965	10	8	174	Biography	Drama	March		A woman leaves an Austrian convent to become a governess to the children of a Naval officer widower.
Picture	 My Fair Lady	1964	12	7.9	170	Drama	Family	December		A misogynistic and snobbish phonetics professor agrees to a wager that he can take a flower girl and make her presentable in high society.
Picture	 Tom Jones	1963	10	6.8	128	Adventure	Comedy	December		"In eighteenth century England ""first cousins"" Tom Jones and Master Blifil grew up together in privilege in the western countryside but could not be more different in nature. Tom the ...                See full summary »"
Picture	 Lawrence of Arabia	1962	10	8.4	216	Adventure	Biography	January	100	Follows a brilliant flamboyant and controversial British military figure and his conflicted loyalties during wartime service.
Picture	 West Side Story	1961	11	7.6	152	Crime	Drama	December		Two youngsters from rival New York City gangs fall in love but tensions between their respective friends build toward tragedy.
Picture	 The Apartment	1960	10	8.3	125	Comedy	Drama	September		A man tries to rise in his company by letting its executives use his apartment for trysts but complications and a romance of his own ensue.
Picture	 Ben-Hur	1959	12	8.1	212	Adventure	Drama	December		When a Jewish prince is betrayed and sent into slavery by a Roman friend he regains his freedom and comes back for revenge.
Picture	 Gigi	1958	9	6.9	115	Comedy	Musical	August		Weary of the conventions of Parisian society a rich playboy and a youthful courtesan-in-training enjoy a platonic friendship but it may not stay platonic for long.
Picture	 The Bridge on the River Kwai	1957	8	8.2	161	Adventure	Drama	October		After settling his differences with a Japanese PoW camp commander a British colonel co-operates to oversee his mens construction of a railway bridge for their captors - while oblivious to a plan by the Allies to destroy it.
Picture	 Around the World in 80 Days	1956	8	6.8	175	Adventure	Comedy	October		Adaptation of Jules Vernes novel about a Victorian Englishman who bets that with the new steamships and railways he can do what the title says.
Picture	 Marty	1955	8	7.7	90	Drama	Romance	June		A middle-aged butcher and a school teacher who have given up on the idea of love meet at a dance and fall in love.
Picture	 On the Waterfront	1954	12	8.3	108	Crime	Drama	June	88	An ex-prize fighter turned longshoreman struggles to stand up to his corrupt union bosses.
Picture	 From Here to Eternity	1953	13	7.8	118	Drama	Romance	October		In 1941 Hawaii a private is cruelly punished for not boxing on his units team while his captains wife and second in command are falling in love.
Picture	 The Greatest Show on Earth	1952	5	6.7	152	Drama	Family	May		The dramatic lives of trapeze artists a clown and an elephant trainer against a background of circus spectacle.
Picture	 An American in Paris	1951	8	7.3	113	Musical	Romance	November		Three friends struggle to find work in Paris. However things become more complicated when two of them fall in love with the same woman.
Picture	 All About Eve	1950	14	8.3	138	Comedy	Drama	January		An ingenue insinuates herself in to the company of an established but aging stage actress and her circle of theater friends.
Picture	 All the King's Men	1949	7	7.6	110	Drama		January		The rise and fall of a corrupt politician who makes his friends richer and retains power by dint of a populist appeal.
Picture	 Hamlet	1948	7	7.9	155	Drama		August		Prince Hamlet struggles over whether or not he should kill his uncle whom he suspects has murdered his father the former king.
Picture	 Gentleman's Agreement	1947	8	7.4	118	Drama		February		A reporter pretends to be Jewish in order to cover a story on anti-Semitism and personally discovers the true depths of bigotry and hatred.
Picture	 The Best Years of Our Lives	1946	8	8.2	172	Drama	Romance	June		Three WWII veterans return home to small-town America to discover that they and their families have been irreparably changed.
Picture	 The Lost Weekend	1945	7	8	101	Drama	Film-Noir	November		The desperate life of a chronic alcoholic is followed through a four day drinking bout.
Picture	 Going My Way	1944	10	7.3	126	Comedy	Drama	October		Youthful Father Chuck OMalley led a colorful life of sports song and romance before joining the Roman Catholic clergy but his level gaze and twinkling eyes make it clear that he knows ...                See full summary »
Picture	 Casablanca	1943	8	8.6	102	Drama	Romance	January		Set in Casablanca Morocco during the early days of World War II: An American expatriate meets a former lover with unforeseen complications.
Picture	 Mrs. Miniver	1942	12	7.6	134	Drama	Romance	December		A British family struggles to survive the first months of World War II.
Picture	 How Green Was My Valley	1941	10	7.8	118	Drama	Family	April		At the turn of the century in a Welsh mining village the Morgans (he stern she gentle) raise coal-mining sons and hope their youngest will find a better life.
Picture	 Rebecca	1940	11	8.2	130	Drama	Mystery	April		A self-conscious bride is tormented by the memory of her husbands dead first wife.
Picture	 Gone With the Wind	1939	13	8.2	238	Drama	Romance	January		A manipulative Southern belle carries on a turbulent affair with a blockade runner during the American Civil War.
Picture	 You Can't Take it With You	1938	7	8	126	Comedy	Drama	November		A man from a family of rich snobs becomes engaged to a woman from a good-natured but decidedly eccentric family.
Picture	 The Life of Emile Zola	1937	10	7.3	116	Biography	Drama	October		The biopic of the famous French muckraking writer and his involvement in fighting the injustice of the Dreyfuss Affair.
Picture	 The Great Ziegfeld	1936	7	6.8	176	Biography	Drama	April		This biography follows the ups and downs of Florenz Ziegfeld famed producer of extravagant stage revues.
Picture	 Mutiny on the Bounty	1935	8	7.8	132	Adventure	Drama			Fletcher Christian successfully leads a revolt against the ruthless Captain Bligh on the HMS Bounty. However Bligh returns one year later hell bent on avenging his captors.
Picture	 It Happened One Night	1934	5	8.2	105	Comedy	Romance	February		A spoiled heiress running away from her family is helped by a man who is actually a reporter in need of a story.
Picture	 Cavalcade	1933	4	6.1	112	Drama	Romance	April		A cavalcade of English life from New Years Eve 1899 until 1933 seen through the eyes of well-to-do Londoners Jane and Robert Marryot. Amongst events touching their family are the Boer War...                See full summary »
Picture	 Grand Hotel	1931	-	7.6	112	Drama	Romance	September		A group of very different individuals staying at a luxurious hotel in Berlin deal with each of their respective dramas.
Picture	 Cimarron	1930	7	6	123	Drama	Western	February		A newspaper editor settles in an Oklahoma boom town with his reluctant wife at the end of the nineteenth century.
Picture	 All Quiet on the Western Front	1929	4	8.1	136	Drama	War	August		A young soldier faces profound disillusionment in the soul-destroying horror of World War I.
Picture	 The Broadway Melody	1928	3	6.4	100	Musical	Romance	June		Harriet and Queenie Mahoney a vaudeville act come to Broadway where their friend Eddie Kerns needs them for his number in one of Francis Zanfields shows. Eddie was in love with Harriet...                See full summary »
Picture	 Wings	1927	-	7.8	144	Drama	Romance	January		Two young men one rich one middle class who are in love with the same woman become fighter pilots in World War I.
